Dates,Naissances
1991-01-01,2493
1991-01-02,2490
1991-01-03,2642
1991-01-04,2634
1991-01-05,2208
1991-01-06,1851
1991-01-07,2649
1991-01-08,2730
1991-01-09,2588
1991-01-10,2731
1991-01-11,2619
1991-01-12,2255
1991-01-13,2025
1991-01-14,2624
1991-01-15,2772
1991-01-16,2696
1991-01-17,2635
1991-01-18,2673
1991-01-19,2183
1991-01-20,1984
1991-01-21,2646
1991-01-22,2761
1991-01-23,2526
1991-01-24,2609
1991-01-25,2691
1991-01-26,2236
1991-01-27,1968
1991-01-28,2654
1991-01-29,2650
1991-01-30,2515
1991-01-31,2623
1991-02-01,2657
1991-02-02,2352
1991-02-03,1957
1991-02-04,2743
1991-02-05,2735
1991-02-06,2693
1991-02-07,2558
1991-02-08,2682
1991-02-09,2340
1991-02-10,2079
1991-02-11,2656
1991-02-12,2832
1991-02-13,2576
1991-02-14,2787
1991-02-15,2757
1991-02-16,2210
1991-02-17,1983
1991-02-18,2606
1991-02-19,2684
1991-02-20,2559
1991-02-21,2598
1991-02-22,2706
1991-02-23,2159
1991-02-24,2027
1991-02-25,2461
1991-02-26,2647
1991-02-27,2571
1991-02-28,2590
1991-03-01,2634
1991-03-02,2276
1991-03-03,2044
1991-03-04,2514
1991-03-05,2663
1991-03-06,2626
1991-03-07,2682
1991-03-08,2635
1991-03-09,2204
1991-03-10,1947
1991-03-11,2513
1991-03-12,2705
1991-03-13,2612
1991-03-14,2725
1991-03-15,2652
1991-03-16,2252
1991-03-17,1926
1991-03-18,2689
1991-03-19,2727
1991-03-20,2623
1991-03-21,2777
1991-03-22,2676
1991-03-23,2351
1991-03-24,2103
1991-03-25,2639
1991-03-26,2798
1991-03-27,2657
1991-03-28,2683
1991-03-29,2685
1991-03-30,2185
1991-03-31,1914
1991-04-01,2084
1991-04-02,2662
1991-04-03,2786
1991-04-04,2807
1991-04-05,2716
1991-04-06,2327
1991-04-07,2000
1991-04-08,2725
1991-04-09,2594
1991-04-10,2626
1991-04-11,2728
1991-04-12,2801
1991-04-13,2376
1991-04-14,1993
1991-04-15,2787
1991-04-16,2885
1991-04-17,2699
1991-04-18,2769
1991-04-19,2804
1991-04-20,2322
1991-04-21,2034
1991-04-22,2713
1991-04-23,2808
1991-04-24,2823
1991-04-25,2781
1991-04-26,2783
1991-04-27,2431
1991-04-28,2127
1991-04-29,2664
1991-04-30,2885
1991-05-01,2342
1991-05-02,2807
1991-05-03,2755
1991-05-04,2485
1991-05-05,2164
1991-05-06,2792
1991-05-07,3087
1991-05-08,2331
1991-05-09,2255
1991-05-10,2792
1991-05-11,2530
1991-05-12,2038
1991-05-13,2700
1991-05-14,2954
1991-05-15,2830
1991-05-16,2884
1991-05-17,2964
1991-05-18,2416
1991-05-19,2101
1991-05-20,2202
1991-05-21,2835
1991-05-22,2885
1991-05-23,2848
1991-05-24,2862
1991-05-25,2406
1991-05-26,2100
1991-05-27,2811
1991-05-28,2859
1991-05-29,2768
1991-05-30,2762
1991-05-31,2766
1991-06-01,2382
1991-06-02,2113
1991-06-03,2826
1991-06-04,2648
1991-06-05,2657
1991-06-06,2842
1991-06-07,2825
1991-06-08,2366
1991-06-09,2050
1991-06-10,2878
1991-06-11,2781
1991-06-12,2860
1991-06-13,2870
1991-06-14,2914
1991-06-15,2439
1991-06-16,2218
1991-06-17,2744
1991-06-18,2753
1991-06-19,2783
1991-06-20,2895
1991-06-21,2916
1991-06-22,2460
1991-06-23,2068
1991-06-24,2933
1991-06-25,3003
1991-06-26,2891
1991-06-27,2817
1991-06-28,2972
1991-06-29,2386
1991-06-30,2106
1991-07-01,2899
1991-07-02,2894
1991-07-03,2865
1991-07-04,2937
1991-07-05,3196
1991-07-06,2571
1991-07-07,2209
1991-07-08,2888
1991-07-09,2941
1991-07-10,2874
1991-07-11,3019
1991-07-12,3004
1991-07-13,2358
1991-07-14,2152
1991-07-15,2738
1991-07-16,2828
1991-07-17,2877
1991-07-18,2760
1991-07-19,2792
1991-07-20,2446
1991-07-21,2110
1991-07-22,2701
1991-07-23,2905
1991-07-24,2998
1991-07-25,2661
1991-07-26,2815
1991-07-27,2449
1991-07-28,2184
1991-07-29,2738
1991-07-30,2763
1991-07-31,2731
1991-08-01,2753
1991-08-02,2752
1991-08-03,2349
1991-08-04,2085
1991-08-05,2698
1991-08-06,2939
1991-08-07,2779
1991-08-08,2765
1991-08-09,2678
1991-08-10,2345
1991-08-11,2038
1991-08-12,2769
1991-08-13,2867
1991-08-14,2821
1991-08-15,2295
1991-08-16,2649
1991-08-17,2310
1991-08-18,2069
1991-08-19,2698
1991-08-20,2741
1991-08-21,2744
1991-08-22,2788
1991-08-23,2681
1991-08-24,2315
1991-08-25,2028
1991-08-26,2797
1991-08-27,2834
1991-08-28,2728
1991-08-29,2615
1991-08-30,2580
1991-08-31,2230
1991-09-01,2128
1991-09-02,2574
1991-09-03,2746
1991-09-04,2745
1991-09-05,2621
1991-09-06,2764
1991-09-07,2218
1991-09-08,2066
1991-09-09,2682
1991-09-10,2900
1991-09-11,2759
1991-09-12,2890
1991-09-13,2680
1991-09-14,2434
1991-09-15,2244
1991-09-16,2817
1991-09-17,2975
1991-09-18,2809
1991-09-19,2867
1991-09-20,2971
1991-09-21,2559
1991-09-22,2147
1991-09-23,2900
1991-09-24,2866
1991-09-25,2920
1991-09-26,2873
1991-09-27,2845
1991-09-28,2463
1991-09-29,2281
1991-09-30,2937
1991-10-01,2921
1991-10-02,2784
1991-10-03,2729
1991-10-04,2810
1991-10-05,2441
1991-10-06,2032
1991-10-07,2707
1991-10-08,2799
1991-10-09,2764
1991-10-10,2822
1991-10-11,2711
1991-10-12,2289
1991-10-13,1848
1991-10-14,2784
1991-10-15,2759
1991-10-16,2672
1991-10-17,2673
1991-10-18,2738
1991-10-19,2212
1991-10-20,1974
1991-10-21,2740
1991-10-22,2749
1991-10-23,2728
1991-10-24,2699
1991-10-25,2793
1991-10-26,2371
1991-10-27,1956
1991-10-28,2612
1991-10-29,2695
1991-10-30,2654
1991-10-31,2604
1991-11-01,2149
1991-11-02,2251
1991-11-03,1935
1991-11-04,2687
1991-11-05,2883
1991-11-06,2756
1991-11-07,2750
1991-11-08,2775
1991-11-09,2316
1991-11-10,2097
1991-11-11,2111
1991-11-12,2710
1991-11-13,2818
1991-11-14,2797
1991-11-15,2795
1991-11-16,2308
1991-11-17,2049
1991-11-18,2719
1991-11-19,2691
1991-11-20,2746
1991-11-21,2668
1991-11-22,2719
1991-11-23,2336
1991-11-24,1980
1991-11-25,2719
1991-11-26,2713
1991-11-27,2647
1991-11-28,2666
1991-11-29,2645
1991-11-30,2188
1991-12-01,2037
1991-12-02,2538
1991-12-03,2749
1991-12-04,2584
1991-12-05,2622
1991-12-06,2638
1991-12-07,2224
1991-12-08,1943
1991-12-09,2743
1991-12-10,2884
1991-12-11,2815
1991-12-12,2794
1991-12-13,2695
1991-12-14,2245
1991-12-15,2115
1991-12-16,2849
1991-12-17,2975
1991-12-18,2848
1991-12-19,2906
1991-12-20,2863
1991-12-21,2278
1991-12-22,2041
1991-12-23,2421
1991-12-24,2296
1991-12-25,1887
1991-12-26,2711
1991-12-27,2929
1991-12-28,2338
1991-12-29,2017
1991-12-30,2623
1991-12-31,2577
1992-01-01,2602
1992-01-02,2479
1992-01-03,2679
1992-01-04,2301
1992-01-05,2096
1992-01-06,2749
1992-01-07,2767
1992-01-08,2636
1992-01-09,2623
1992-01-10,2774
1992-01-11,2278
1992-01-12,2040
1992-01-13,2578
1992-01-14,2747
1992-01-15,2721
1992-01-16,2644
1992-01-17,2725
1992-01-18,2280
1992-01-19,2036
1992-01-20,2808
1992-01-21,2888
1992-01-22,2792
1992-01-23,2859
1992-01-24,2581
1992-01-25,2291
1992-01-26,2217
1992-01-27,2728
1992-01-28,2808
1992-01-29,2548
1992-01-30,2734
1992-01-31,2719
1992-02-01,2260
1992-02-02,2107
1992-02-03,2681
1992-02-04,2844
1992-02-05,2723
1992-02-06,2800
1992-02-07,2834
1992-02-08,2379
1992-02-09,2047
1992-02-10,2856
1992-02-11,2797
1992-02-12,2782
1992-02-13,2792
1992-02-14,2800
1992-02-15,2323
1992-02-16,2059
1992-02-17,2747
1992-02-18,2875
1992-02-19,2582
1992-02-20,2835
1992-02-21,2816
1992-02-22,2134
1992-02-23,1995
1992-02-24,2632
1992-02-25,2776
1992-02-26,2707
1992-02-27,2755
1992-02-28,2802
1992-02-29,2206
1992-03-01,1984
1992-03-02,2698
1992-03-03,2779
1992-03-04,2696
1992-03-05,2742
1992-03-06,2732
1992-03-07,2350
1992-03-08,2075
1992-03-09,2690
1992-03-10,2705
1992-03-11,2744
1992-03-12,2653
1992-03-13,2820
1992-03-14,2334
1992-03-15,2066
1992-03-16,2738
1992-03-17,2726
1992-03-18,2763
1992-03-19,2783
1992-03-20,2863
1992-03-21,2395
1992-03-22,1949
1992-03-23,2810
1992-03-24,2825
1992-03-25,2749
1992-03-26,2762
1992-03-27,2716
1992-03-28,2216
1992-03-29,1947
1992-03-30,2739
1992-03-31,2730
1992-04-01,2745
1992-04-02,2808
1992-04-03,2740
1992-04-04,2313
1992-04-05,2003
1992-04-06,2710
1992-04-07,2747
1992-04-08,2687
1992-04-09,2832
1992-04-10,2814
1992-04-11,2411
1992-04-12,2104
1992-04-13,2751
1992-04-14,2890
1992-04-15,2858
1992-04-16,2858
1992-04-17,2841
1992-04-18,2369
1992-04-19,2029
1992-04-20,2101
1992-04-21,2794
1992-04-22,2845
1992-04-23,2922
1992-04-24,2925
1992-04-25,2413
1992-04-26,2130
1992-04-27,2775
1992-04-28,2875
1992-04-29,2862
1992-04-30,2991
1992-05-01,2212
1992-05-02,2369
1992-05-03,2120
1992-05-04,2895
1992-05-05,3110
1992-05-06,3001
1992-05-07,3069
1992-05-08,2411
1992-05-09,2456
1992-05-10,2217
1992-05-11,2919
1992-05-12,3010
1992-05-13,2876
1992-05-14,3048
1992-05-15,3076
1992-05-16,2471
1992-05-17,2119
1992-05-18,2859
1992-05-19,2901
1992-05-20,2801
1992-05-21,2947
1992-05-22,2857
1992-05-23,2409
1992-05-24,2080
1992-05-25,2912
1992-05-26,3017
1992-05-27,2901
1992-05-28,2234
1992-05-29,2762
1992-05-30,2255
1992-05-31,1991
1992-06-01,2805
1992-06-02,2869
1992-06-03,2757
1992-06-04,2793
1992-06-05,2770
1992-06-06,2423
1992-06-07,2094
1992-06-08,2259
1992-06-09,2839
1992-06-10,2861
1992-06-11,2735
1992-06-12,2887
1992-06-13,2245
1992-06-14,2111
1992-06-15,2993
1992-06-16,2903
1992-06-17,2937
1992-06-18,2648
1992-06-19,2766
1992-06-20,2343
1992-06-21,2097
1992-06-22,2806
1992-06-23,2822
1992-06-24,2836
1992-06-25,2795
1992-06-26,2946
1992-06-27,2454
1992-06-28,2014
1992-06-29,2719
1992-06-30,3019
1992-07-01,2932
1992-07-02,2898
1992-07-03,2891
1992-07-04,2402
1992-07-05,2176
1992-07-06,2821
1992-07-07,2931
1992-07-08,2838
1992-07-09,2919
1992-07-10,3119
1992-07-11,2420
1992-07-12,2105
1992-07-13,2739
1992-07-14,2327
1992-07-15,2946
1992-07-16,3033
1992-07-17,2970
1992-07-18,2487
1992-07-19,2142
1992-07-20,3047
1992-07-21,3024
1992-07-22,2909
1992-07-23,2952
1992-07-24,2997
1992-07-25,2427
1992-07-26,2136
1992-07-27,2941
1992-07-28,3014
1992-07-29,2843
1992-07-30,2906
1992-07-31,2969
1992-08-01,2495
1992-08-02,2151
1992-08-03,2726
1992-08-04,2823
1992-08-05,2871
1992-08-06,2819
1992-08-07,2879
1992-08-08,2479
1992-08-09,2186
1992-08-10,2632
1992-08-11,2755
1992-08-12,2781
1992-08-13,2788
1992-08-14,2670
1992-08-15,2202
1992-08-16,2034
1992-08-17,2622
1992-08-18,2764
1992-08-19,2769
1992-08-20,2710
1992-08-21,2763
1992-08-22,2304
1992-08-23,1977
1992-08-24,2652
1992-08-25,2869
1992-08-26,2654
1992-08-27,2730
1992-08-28,2628
1992-08-29,2341
1992-08-30,2050
1992-08-31,2633
1992-09-01,2795
1992-09-02,2596
1992-09-03,2711
1992-09-04,2716
1992-09-05,2321
1992-09-06,2076
1992-09-07,2740
1992-09-08,2725
1992-09-09,2827
1992-09-10,2722
1992-09-11,2819
1992-09-12,2365
1992-09-13,2123
1992-09-14,2804
1992-09-15,2975
1992-09-16,2836
1992-09-17,2931
1992-09-18,3041
1992-09-19,2379
1992-09-20,2190
1992-09-21,2889
1992-09-22,2995
1992-09-23,2732
1992-09-24,2896
1992-09-25,2805
1992-09-26,2464
1992-09-27,2133
1992-09-28,2806
1992-09-29,2849
1992-09-30,2741
1992-10-01,2726
1992-10-02,2787
1992-10-03,2336
1992-10-04,2141
1992-10-05,2843
1992-10-06,2936
1992-10-07,2608
1992-10-08,2782
1992-10-09,2726
1992-10-10,2380
1992-10-11,1970
1992-10-12,2840
1992-10-13,2769
1992-10-14,2698
1992-10-15,2732
1992-10-16,2790
1992-10-17,2116
1992-10-18,1905
1992-10-19,2586
1992-10-20,2776
1992-10-21,2751
1992-10-22,2765
1992-10-23,2829
1992-10-24,2193
1992-10-25,1882
1992-10-26,2547
1992-10-27,2636
1992-10-28,2688
1992-10-29,2583
1992-10-30,2643
1992-10-31,2134
1992-11-01,1827
1992-11-02,2529
1992-11-03,2777
1992-11-04,2764
1992-11-05,2667
1992-11-06,2752
1992-11-07,2184
1992-11-08,1995
1992-11-09,2724
1992-11-10,2888
1992-11-11,2269
1992-11-12,2779
1992-11-13,2635
1992-11-14,2387
1992-11-15,1990
1992-11-16,2713
1992-11-17,2698
1992-11-18,2632
1992-11-19,2663
1992-11-20,2732
1992-11-21,2278
1992-11-22,2011
1992-11-23,2640
1992-11-24,2667
1992-11-25,2625
1992-11-26,2731
1992-11-27,2671
1992-11-28,2274
1992-11-29,1955
1992-11-30,2702
1992-12-01,2790
1992-12-02,2702
1992-12-03,2693
1992-12-04,2607
1992-12-05,2372
1992-12-06,2135
1992-12-07,2795
1992-12-08,2854
1992-12-09,2735
1992-12-10,2800
1992-12-11,2721
1992-12-12,2462
1992-12-13,1949
1992-12-14,2917
1992-12-15,3035
1992-12-16,2925
1992-12-17,2916
1992-12-18,2954
1992-12-19,2276
1992-12-20,1990
1992-12-21,2634
1992-12-22,2649
1992-12-23,2507
1992-12-24,2231
1992-12-25,1954
1992-12-26,2280
1992-12-27,2104
1992-12-28,2837
1992-12-29,2839
1992-12-30,2803
1992-12-31,2519
1993-01-01,2607
1993-01-02,2138
1993-01-03,2049
1993-01-04,2687
1993-01-05,2779
1993-01-06,2601
1993-01-07,2682
1993-01-08,2724
1993-01-09,2304
1993-01-10,2104
1993-01-11,2731
1993-01-12,2814
1993-01-13,2731
1993-01-14,2701
1993-01-15,2780
1993-01-16,2141
1993-01-17,1945
1993-01-18,2667
1993-01-19,2710
1993-01-20,2708
1993-01-21,2691
1993-01-22,2680
1993-01-23,2246
1993-01-24,1832
1993-01-25,2597
1993-01-26,2626
1993-01-27,2619
1993-01-28,2692
1993-01-29,2637
1993-01-30,2123
1993-01-31,1976
1993-02-01,2661
1993-02-02,2776
1993-02-03,2502
1993-02-04,2584
1993-02-05,2666
1993-02-06,2315
1993-02-07,2019
1993-02-08,2637
1993-02-09,2609
1993-02-10,2740
1993-02-11,2546
1993-02-12,2675
1993-02-13,2122
1993-02-14,2029
1993-02-15,2644
1993-02-16,2711
1993-02-17,2630
1993-02-18,2802
1993-02-19,2646
1993-02-20,2181
1993-02-21,1990
1993-02-22,2554
1993-02-23,2718
1993-02-24,2560
1993-02-25,2757
1993-02-26,2625
1993-02-27,2291
1993-02-28,2029
1993-03-01,2596
1993-03-02,2756
1993-03-03,2773
1993-03-04,2645
1993-03-05,2626
1993-03-06,2234
1993-03-07,1898
1993-03-08,2536
1993-03-09,2645
1993-03-10,2664
1993-03-11,2627
1993-03-12,2757
1993-03-13,2296
1993-03-14,1967
1993-03-15,2640
1993-03-16,2702
1993-03-17,2507
1993-03-18,2760
1993-03-19,2573
1993-03-20,2146
1993-03-21,2006
1993-03-22,2710
1993-03-23,2754
1993-03-24,2526
1993-03-25,2631
1993-03-26,2704
1993-03-27,2225
1993-03-28,1902
1993-03-29,2619
1993-03-30,2793
1993-03-31,2733
1993-04-01,2801
1993-04-02,2759
1993-04-03,2177
1993-04-04,2030
1993-04-05,2686
1993-04-06,2697
1993-04-07,2707
1993-04-08,2685
1993-04-09,2849
1993-04-10,2294
1993-04-11,1946
1993-04-12,2099
1993-04-13,2708
1993-04-14,2847
1993-04-15,2801
1993-04-16,2787
1993-04-17,2323
1993-04-18,1944
1993-04-19,2784
1993-04-20,2949
1993-04-21,2771
1993-04-22,2833
1993-04-23,2831
1993-04-24,2278
1993-04-25,1963
1993-04-26,2671
1993-04-27,2715
1993-04-28,2683
1993-04-29,2793
1993-04-30,2728
1993-05-01,2242
1993-05-02,1936
1993-05-03,2688
1993-05-04,2794
1993-05-05,2808
1993-05-06,2686
1993-05-07,2821
1993-05-08,2162
1993-05-09,1981
1993-05-10,2837
1993-05-11,2912
1993-05-12,2827
1993-05-13,2749
1993-05-14,2810
1993-05-15,2368
1993-05-16,1977
1993-05-17,2922
1993-05-18,2960
1993-05-19,2910
1993-05-20,2247
1993-05-21,2622
1993-05-22,2304
1993-05-23,2116
1993-05-24,2747
1993-05-25,2947
1993-05-26,2927
1993-05-27,2873
1993-05-28,2718
1993-05-29,2261
1993-05-30,2129
1993-05-31,2057
1993-06-01,2759
1993-06-02,2830
1993-06-03,2816
1993-06-04,2829
1993-06-05,2359
1993-06-06,2176
1993-06-07,2899
1993-06-08,2981
1993-06-09,2835
1993-06-10,2945
1993-06-11,2668
1993-06-12,2217
1993-06-13,1989
1993-06-14,2811
1993-06-15,2786
1993-06-16,2865
1993-06-17,2845
1993-06-18,2918
1993-06-19,2377
1993-06-20,2187
1993-06-21,2893
1993-06-22,2822
1993-06-23,2817
1993-06-24,2902
1993-06-25,2740
1993-06-26,2373
1993-06-27,2073
1993-06-28,2867
1993-06-29,2773
1993-06-30,2955
1993-07-01,2961
1993-07-02,2884
1993-07-03,2394
1993-07-04,2151
1993-07-05,2899
1993-07-06,2944
1993-07-07,2854
1993-07-08,2997
1993-07-09,3073
1993-07-10,2396
1993-07-11,1987
1993-07-12,2885
1993-07-13,2870
1993-07-14,2387
1993-07-15,2883
1993-07-16,2958
1993-07-17,2483
1993-07-18,2236
1993-07-19,2818
1993-07-20,3009
1993-07-21,2819
1993-07-22,2913
1993-07-23,2945
1993-07-24,2467
1993-07-25,2205
1993-07-26,2709
1993-07-27,2953
1993-07-28,3026
1993-07-29,2764
1993-07-30,2884
1993-07-31,2287
1993-08-01,2110
1993-08-02,2788
1993-08-03,2866
1993-08-04,2787
1993-08-05,2807
1993-08-06,2727
1993-08-07,2388
1993-08-08,2054
1993-08-09,2778
1993-08-10,2835
1993-08-11,2744
1993-08-12,2895
1993-08-13,2756
1993-08-14,2236
1993-08-15,2083
1993-08-16,2597
1993-08-17,2724
1993-08-18,2689
1993-08-19,2734
1993-08-20,2858
1993-08-21,2282
1993-08-22,2067
1993-08-23,2706
1993-08-24,2686
1993-08-25,2630
1993-08-26,2650
1993-08-27,2766
1993-08-28,2260
1993-08-29,1868
1993-08-30,2463
1993-08-31,2630
1993-09-01,2648
1993-09-02,2579
1993-09-03,2765
1993-09-04,2269
1993-09-05,1942
1993-09-06,2601
1993-09-07,2666
1993-09-08,2671
1993-09-09,2862
1993-09-10,2887
1993-09-11,2384
1993-09-12,1978
1993-09-13,2770
1993-09-14,2714
1993-09-15,2902
1993-09-16,2854
1993-09-17,2820
1993-09-18,2342
1993-09-19,2149
1993-09-20,2902
1993-09-21,2942
1993-09-22,2730
1993-09-23,2939
1993-09-24,2897
1993-09-25,2480
1993-09-26,2185
1993-09-27,2728
1993-09-28,2775
1993-09-29,2684
1993-09-30,2924
1993-10-01,3055
1993-10-02,2354
1993-10-03,2054
1993-10-04,2773
1993-10-05,2952
1993-10-06,2839
1993-10-07,2768
1993-10-08,2767
1993-10-09,2233
1993-10-10,2038
1993-10-11,2669
1993-10-12,2901
1993-10-13,2657
1993-10-14,2744
1993-10-15,2780
1993-10-16,2198
1993-10-17,1915
1993-10-18,2649
1993-10-19,2753
1993-10-20,2627
1993-10-21,2740
1993-10-22,2640
1993-10-23,2234
1993-10-24,1821
1993-10-25,2668
1993-10-26,2696
1993-10-27,2607
1993-10-28,2575
1993-10-29,2555
1993-10-30,2191
1993-10-31,1861
1993-11-01,2090
1993-11-02,2623
1993-11-03,2835
1993-11-04,2808
1993-11-05,2727
1993-11-06,2312
1993-11-07,1975
1993-11-08,2682
1993-11-09,2872
1993-11-10,2851
1993-11-11,2114
1993-11-12,2579
1993-11-13,2186
1993-11-14,1912
1993-11-15,2630
1993-11-16,2617
1993-11-17,2634
1993-11-18,2537
1993-11-19,2699
1993-11-20,2236
1993-11-21,1955
1993-11-22,2572
1993-11-23,2785
1993-11-24,2650
1993-11-25,2563
1993-11-26,2580
1993-11-27,2137
1993-11-28,1915
1993-11-29,2530
1993-11-30,2599
1993-12-01,2700
1993-12-02,2619
1993-12-03,2708
1993-12-04,2247
1993-12-05,1907
1993-12-06,2624
1993-12-07,2744
1993-12-08,2753
1993-12-09,2733
1993-12-10,2760
1993-12-11,2162
1993-12-12,2009
1993-12-13,2735
1993-12-14,2933
1993-12-15,2802
1993-12-16,2919
1993-12-17,2852
1993-12-18,2479
1993-12-19,1878
1993-12-20,2865
1993-12-21,2627
1993-12-22,2416
1993-12-23,2503
1993-12-24,2291
1993-12-25,1858
1993-12-26,2026
1993-12-27,2747
1993-12-28,2857
1993-12-29,2709
1993-12-30,2737
1993-12-31,2503
1994-01-01,2605
1994-01-02,1933
1994-01-03,2525
1994-01-04,2639
1994-01-05,2590
1994-01-06,2705
1994-01-07,2631
1994-01-08,2207
1994-01-09,1929
1994-01-10,2689
1994-01-11,2697
1994-01-12,2622
1994-01-13,2557
1994-01-14,2452
1994-01-15,2254
1994-01-16,1884
1994-01-17,2531
1994-01-18,2613
1994-01-19,2585
1994-01-20,2638
1994-01-21,2802
1994-01-22,2174
1994-01-23,1918
1994-01-24,2588
1994-01-25,2755
1994-01-26,2592
1994-01-27,2663
1994-01-28,2583
1994-01-29,2077
1994-01-30,1855
1994-01-31,2411
1994-02-01,2711
1994-02-02,2745
1994-02-03,2618
1994-02-04,2814
1994-02-05,2134
1994-02-06,2003
1994-02-07,2647
1994-02-08,2687
1994-02-09,2627
1994-02-10,2746
1994-02-11,2657
1994-02-12,2283
1994-02-13,1956
1994-02-14,2832
1994-02-15,2709
1994-02-16,2676
1994-02-17,2692
1994-02-18,2685
1994-02-19,2224
1994-02-20,1976
1994-02-21,2612
1994-02-22,2654
1994-02-23,2714
1994-02-24,2626
1994-02-25,2751
1994-02-26,2129
1994-02-27,1950
1994-02-28,2701
1994-03-01,2872
1994-03-02,2602
1994-03-03,2704
1994-03-04,2749
1994-03-05,2231
1994-03-06,1890
1994-03-07,2617
1994-03-08,2782
1994-03-09,2583
1994-03-10,2628
1994-03-11,2536
1994-03-12,2246
1994-03-13,1968
1994-03-14,2659
1994-03-15,2706
1994-03-16,2669
1994-03-17,2630
1994-03-18,2687
1994-03-19,2224
1994-03-20,1978
1994-03-21,2611
1994-03-22,2595
1994-03-23,2649
1994-03-24,2745
1994-03-25,2767
1994-03-26,2188
1994-03-27,1760
1994-03-28,2681
1994-03-29,2787
1994-03-30,2682
1994-03-31,2728
1994-04-01,2787
1994-04-02,2244
1994-04-03,1945
1994-04-04,2104
1994-04-05,2695
1994-04-06,2882
1994-04-07,2829
1994-04-08,2772
1994-04-09,2409
1994-04-10,1999
1994-04-11,2755
1994-04-12,2827
1994-04-13,2728
1994-04-14,2787
1994-04-15,3029
1994-04-16,2282
1994-04-17,2069
1994-04-18,2778
1994-04-19,2893
1994-04-20,2872
1994-04-21,2935
1994-04-22,2922
1994-04-23,2388
1994-04-24,2154
1994-04-25,2670
1994-04-26,2919
1994-04-27,2830
1994-04-28,2875
1994-04-29,2879
1994-04-30,2411
1994-05-01,2215
1994-05-02,2878
1994-05-03,3029
1994-05-04,3099
1994-05-05,2916
1994-05-06,3035
1994-05-07,2476
1994-05-08,2117
1994-05-09,2977
1994-05-10,3164
1994-05-11,3199
1994-05-12,2355
1994-05-13,2764
1994-05-14,2476
1994-05-15,2143
1994-05-16,2913
1994-05-17,2991
1994-05-18,2957
1994-05-19,2912
1994-05-20,3081
1994-05-21,2416
1994-05-22,2099
1994-05-23,2166
1994-05-24,2783
1994-05-25,2955
1994-05-26,3015
1994-05-27,2880
1994-05-28,2255
1994-05-29,2104
1994-05-30,2816
1994-05-31,2820
1994-06-01,2910
1994-06-02,2943
1994-06-03,2718
1994-06-04,2304
1994-06-05,2023
1994-06-06,2821
1994-06-07,2813
1994-06-08,2951
1994-06-09,2899
1994-06-10,2821
1994-06-11,2283
1994-06-12,2019
1994-06-13,2815
1994-06-14,2955
1994-06-15,2889
1994-06-16,2974
1994-06-17,2938
1994-06-18,2404
1994-06-19,2107
1994-06-20,2818
1994-06-21,3045
1994-06-22,2801
1994-06-23,2858
1994-06-24,3001
1994-06-25,2420
1994-06-26,2062
1994-06-27,2804
1994-06-28,2969
1994-06-29,2945
1994-06-30,2905
1994-07-01,2995
1994-07-02,2499
1994-07-03,2120
1994-07-04,2875
1994-07-05,3058
1994-07-06,2963
1994-07-07,2952
1994-07-08,2956
1994-07-09,2403
1994-07-10,2149
1994-07-11,2903
1994-07-12,3245
1994-07-13,3074
1994-07-14,2377
1994-07-15,2876
1994-07-16,2450
1994-07-17,2207
1994-07-18,2797
1994-07-19,2956
1994-07-20,2964
1994-07-21,2956
1994-07-22,3026
1994-07-23,2471
1994-07-24,2128
1994-07-25,2974
1994-07-26,3111
1994-07-27,2949
1994-07-28,2991
1994-07-29,2860
1994-07-30,2601
1994-07-31,2130
1994-08-01,2734
1994-08-02,2728
1994-08-03,2810
1994-08-04,2914
1994-08-05,2901
1994-08-06,2370
1994-08-07,2105
1994-08-08,2716
1994-08-09,2804
1994-08-10,2897
1994-08-11,2660
1994-08-12,2788
1994-08-13,2243
1994-08-14,1966
1994-08-15,2155
1994-08-16,2660
1994-08-17,2825
1994-08-18,2736
1994-08-19,2793
1994-08-20,2316
1994-08-21,2032
1994-08-22,2725
1994-08-23,2746
1994-08-24,2721
1994-08-25,2579
1994-08-26,2670
1994-08-27,2315
1994-08-28,1932
1994-08-29,2532
1994-08-30,2742
1994-08-31,2643
1994-09-01,2660
1994-09-02,2617
1994-09-03,2069
1994-09-04,1917
1994-09-05,2716
1994-09-06,2682
1994-09-07,2557
1994-09-08,2679
1994-09-09,2774
1994-09-10,2339
1994-09-11,1947
1994-09-12,2820
1994-09-13,2804
1994-09-14,2672
1994-09-15,2825
1994-09-16,2755
1994-09-17,2377
1994-09-18,1944
1994-09-19,2787
1994-09-20,2958
1994-09-21,2777
1994-09-22,2737
1994-09-23,2951
1994-09-24,2529
1994-09-25,2156
1994-09-26,2807
1994-09-27,2823
1994-09-28,2692
1994-09-29,2834
1994-09-30,2922
1994-10-01,2377
1994-10-02,1948
1994-10-03,2838
1994-10-04,2938
1994-10-05,2753
1994-10-06,2953
1994-10-07,2807
1994-10-08,2356
1994-10-09,1992
1994-10-10,2901
1994-10-11,2973
1994-10-12,2716
1994-10-13,2820
1994-10-14,2767
1994-10-15,2267
1994-10-16,2009
1994-10-17,2771
1994-10-18,2817
1994-10-19,2832
1994-10-20,2869
1994-10-21,2887
1994-10-22,2285
1994-10-23,2004
1994-10-24,2789
1994-10-25,2908
1994-10-26,2819
1994-10-27,2798
1994-10-28,2712
1994-10-29,2370
1994-10-30,2079
1994-10-31,2655
1994-11-01,2169
1994-11-02,2539
1994-11-03,2946
1994-11-04,2822
1994-11-05,2345
1994-11-06,2057
1994-11-07,2819
1994-11-08,2880
1994-11-09,2931
1994-11-10,3007
1994-11-11,2281
1994-11-12,2253
1994-11-13,2077
1994-11-14,2831
1994-11-15,3003
1994-11-16,2818
1994-11-17,2730
1994-11-18,2831
1994-11-19,2336
1994-11-20,2026
1994-11-21,2809
1994-11-22,2940
1994-11-23,2723
1994-11-24,2710
1994-11-25,2773
1994-11-26,2345
1994-11-27,2011
1994-11-28,2826
1994-11-29,2864
1994-11-30,2698
1994-12-01,2820
1994-12-02,2780
1994-12-03,2328
1994-12-04,2160
1994-12-05,2766
1994-12-06,2844
1994-12-07,2850
1994-12-08,2786
1994-12-09,2867
1994-12-10,2337
1994-12-11,2057
1994-12-12,3030
1994-12-13,2928
1994-12-14,3046
1994-12-15,3044
1994-12-16,3095
1994-12-17,2432
1994-12-18,2047
1994-12-19,3037
1994-12-20,2931
1994-12-21,2667
1994-12-22,2701
1994-12-23,2449
1994-12-24,2009
1994-12-25,1933
1994-12-26,2771
1994-12-27,3037
1994-12-28,2883
1994-12-29,2754
1994-12-30,2786
1994-12-31,2215
1995-01-01,2715
1995-01-02,2493
1995-01-03,2785
1995-01-04,2667
1995-01-05,2764
1995-01-06,2711
1995-01-07,2274
1995-01-08,1955
1995-01-09,2673
1995-01-10,2862
1995-01-11,2626
1995-01-12,2712
1995-01-13,2637
1995-01-14,2069
1995-01-15,1904
1995-01-16,2786
1995-01-17,2754
1995-01-18,2725
1995-01-19,2752
1995-01-20,2760
1995-01-21,2247
1995-01-22,1934
1995-01-23,2698
1995-01-24,2730
1995-01-25,2665
1995-01-26,2845
1995-01-27,2776
1995-01-28,2181
1995-01-29,1910
1995-01-30,2787
1995-01-31,2625
1995-02-01,2650
1995-02-02,2823
1995-02-03,2645
1995-02-04,2247
1995-02-05,2045
1995-02-06,2731
1995-02-07,2744
1995-02-08,2833
1995-02-09,2674
1995-02-10,2829
1995-02-11,2279
1995-02-12,1940
1995-02-13,2661
1995-02-14,2817
1995-02-15,2852
1995-02-16,2855
1995-02-17,2785
1995-02-18,2259
1995-02-19,2016
1995-02-20,2810
1995-02-21,2723
1995-02-22,2661
1995-02-23,2791
1995-02-24,2620
1995-02-25,2269
1995-02-26,1972
1995-02-27,2633
1995-02-28,2675
1995-03-01,2715
1995-03-02,2776
1995-03-03,2925
1995-03-04,2285
1995-03-05,1953
1995-03-06,2672
1995-03-07,2862
1995-03-08,2715
1995-03-09,2750
1995-03-10,2849
1995-03-11,2263
1995-03-12,1950
1995-03-13,2720
1995-03-14,2827
1995-03-15,2923
1995-03-16,2809
1995-03-17,2848
1995-03-18,2234
1995-03-19,1922
1995-03-20,2781
1995-03-21,2796
1995-03-22,2812
1995-03-23,2677
1995-03-24,2838
1995-03-25,2187
1995-03-26,1865
1995-03-27,2767
1995-03-28,2773
1995-03-29,2640
1995-03-30,2605
1995-03-31,2618
1995-04-01,2214
1995-04-02,1970
1995-04-03,2734
1995-04-04,2943
1995-04-05,2713
1995-04-06,2906
1995-04-07,2842
1995-04-08,2222
1995-04-09,1956
1995-04-10,2820
1995-04-11,2947
1995-04-12,2923
1995-04-13,2830
1995-04-14,2755
1995-04-15,2407
1995-04-16,1934
1995-04-17,2074
1995-04-18,2783
1995-04-19,2909
1995-04-20,2948
1995-04-21,2816
1995-04-22,2251
1995-04-23,1996
1995-04-24,2678
1995-04-25,2890
1995-04-26,2873
1995-04-27,2855
1995-04-28,2780
1995-04-29,2320
1995-04-30,1990
1995-05-01,2146
1995-05-02,2906
1995-05-03,2971
1995-05-04,2947
1995-05-05,3202
1995-05-06,2472
1995-05-07,2031
1995-05-08,2199
1995-05-09,2931
1995-05-10,3097
1995-05-11,2839
1995-05-12,3088
1995-05-13,2330
1995-05-14,2123
1995-05-15,2978
1995-05-16,3121
1995-05-17,2840
1995-05-18,2908
1995-05-19,2930
1995-05-20,2458
1995-05-21,1948
1995-05-22,2959
1995-05-23,2990
1995-05-24,2949
1995-05-25,2302
1995-05-26,2812
1995-05-27,2330
1995-05-28,2111
1995-05-29,2908
1995-05-30,3111
1995-05-31,2761
1995-06-01,3006
1995-06-02,2958
1995-06-03,2371
1995-06-04,2034
1995-06-05,2258
1995-06-06,2967
1995-06-07,2939
1995-06-08,3036
1995-06-09,2984
1995-06-10,2462
1995-06-11,2071
1995-06-12,2942
1995-06-13,3021
1995-06-14,2984
1995-06-15,3148
1995-06-16,2891
1995-06-17,2440
1995-06-18,2052
1995-06-19,2937
1995-06-20,3279
1995-06-21,2970
1995-06-22,3086
1995-06-23,2902
1995-06-24,2485
1995-06-25,2159
1995-06-26,3068
1995-06-27,3162
1995-06-28,3122
1995-06-29,3151
1995-06-30,3199
1995-07-01,2567
1995-07-02,2272
1995-07-03,3006
1995-07-04,3006
1995-07-05,2961
1995-07-06,3044
1995-07-07,3108
1995-07-08,2481
1995-07-09,2281
1995-07-10,3096
1995-07-11,3310
1995-07-12,3224
1995-07-13,3253
1995-07-14,2353
1995-07-15,2490
1995-07-16,2150
1995-07-17,2811
1995-07-18,3106
1995-07-19,3105
1995-07-20,3038
1995-07-21,3081
1995-07-22,2508
1995-07-23,2024
1995-07-24,2933
1995-07-25,3179
1995-07-26,3193
1995-07-27,3156
1995-07-28,2999
1995-07-29,2396
1995-07-30,2121
1995-07-31,2944
1995-08-01,3094
1995-08-02,3041
1995-08-03,2959
1995-08-04,2922
1995-08-05,2453
1995-08-06,2102
1995-08-07,2731
1995-08-08,2970
1995-08-09,2862
1995-08-10,3042
1995-08-11,2991
1995-08-12,2453
1995-08-13,2165
1995-08-14,2427
1995-08-15,2230
1995-08-16,2822
1995-08-17,3047
1995-08-18,2963
1995-08-19,2423
1995-08-20,2045
1995-08-21,2870
1995-08-22,2977
1995-08-23,2947
1995-08-24,2826
1995-08-25,2748
1995-08-26,2343
1995-08-27,1993
1995-08-28,2747
1995-08-29,2868
1995-08-30,2734
1995-08-31,2707
1995-09-01,2670
1995-09-02,2289
1995-09-03,2103
1995-09-04,2667
1995-09-05,2855
1995-09-06,2816
1995-09-07,2999
1995-09-08,3125
1995-09-09,2443
1995-09-10,2201
1995-09-11,2957
1995-09-12,3083
1995-09-13,2877
1995-09-14,2947
1995-09-15,3030
1995-09-16,2548
1995-09-17,2118
1995-09-18,2992
1995-09-19,3100
1995-09-20,2885
1995-09-21,3081
1995-09-22,2940
1995-09-23,2621
1995-09-24,2262
1995-09-25,2949
1995-09-26,3111
1995-09-27,3091
1995-09-28,3007
1995-09-29,2954
1995-09-30,2507
1995-10-01,2223
1995-10-02,3069
1995-10-03,3236
1995-10-04,3088
1995-10-05,3123
1995-10-06,3036
1995-10-07,2383
1995-10-08,2195
1995-10-09,3018
1995-10-10,3234
1995-10-11,2978
1995-10-12,3079
1995-10-13,2872
1995-10-14,2301
1995-10-15,2251
1995-10-16,2810
1995-10-17,2971
1995-10-18,2785
1995-10-19,2840
1995-10-20,3095
1995-10-21,2266
1995-10-22,2037
1995-10-23,2893
1995-10-24,3056
1995-10-25,2937
1995-10-26,2831
1995-10-27,2951
1995-10-28,2292
1995-10-29,2129
1995-10-30,2796
1995-10-31,2850
1995-11-01,2291
1995-11-02,2874
1995-11-03,2915
1995-11-04,2361
1995-11-05,2082
1995-11-06,2785
1995-11-07,2932
1995-11-08,2843
1995-11-09,3044
1995-11-10,2937
1995-11-11,2314
1995-11-12,2085
1995-11-13,2849
1995-11-14,2958
1995-11-15,2817
1995-11-16,3055
1995-11-17,2828
1995-11-18,2364
1995-11-19,2032
1995-11-20,2815
1995-11-21,2840
1995-11-22,2810
1995-11-23,2959
1995-11-24,2734
1995-11-25,2427
1995-11-26,1962
1995-11-27,2895
1995-11-28,2818
1995-11-29,2733
1995-11-30,2616
1995-12-01,2847
1995-12-02,2385
1995-12-03,2042
1995-12-04,2685
1995-12-05,2948
1995-12-06,2935
1995-12-07,2878
1995-12-08,2909
1995-12-09,2467
1995-12-10,2107
1995-12-11,2857
1995-12-12,3069
1995-12-13,2838
1995-12-14,2933
1995-12-15,3127
1995-12-16,2442
1995-12-17,2046
1995-12-18,3061
1995-12-19,3072
1995-12-20,2877
1995-12-21,2747
1995-12-22,2696
1995-12-23,2315
1995-12-24,2065
1995-12-25,2109
1995-12-26,2835
1995-12-27,2863
1995-12-28,3002
1995-12-29,2851
1995-12-30,2386
1995-12-31,2235
1996-01-01,2725
1996-01-02,2631
1996-01-03,2756
1996-01-04,2822
1996-01-05,2780
1996-01-06,2345
1996-01-07,2057
1996-01-08,2854
1996-01-09,2714
1996-01-10,2905
1996-01-11,2727
1996-01-12,2707
1996-01-13,2256
1996-01-14,2088
1996-01-15,2708
1996-01-16,2888
1996-01-17,2743
1996-01-18,2709
1996-01-19,2820
1996-01-20,2370
1996-01-21,2160
1996-01-22,2749
1996-01-23,2712
1996-01-24,2724
1996-01-25,2663
1996-01-26,2745
1996-01-27,2211
1996-01-28,2023
1996-01-29,2780
1996-01-30,2872
1996-01-31,2688
1996-02-01,2751
1996-02-02,2836
1996-02-03,2309
1996-02-04,2034
1996-02-05,2682
1996-02-06,2950
1996-02-07,2745
1996-02-08,2828
1996-02-09,2687
1996-02-10,2337
1996-02-11,2029
1996-02-12,2772
1996-02-13,2835
1996-02-14,2839
1996-02-15,2740
1996-02-16,2792
1996-02-17,2282
1996-02-18,2114
1996-02-19,2831
1996-02-20,2906
1996-02-21,2732
1996-02-22,2900
1996-02-23,2852
1996-02-24,2278
1996-02-25,2064
1996-02-26,2690
1996-02-27,2780
1996-02-28,2802
1996-02-29,2635
1996-03-01,2850
1996-03-02,2314
1996-03-03,2200
1996-03-04,2756
1996-03-05,2986
1996-03-06,2633
1996-03-07,2716
1996-03-08,2778
1996-03-09,2440
1996-03-10,2117
1996-03-11,2718
1996-03-12,3037
1996-03-13,2801
1996-03-14,2824
1996-03-15,2930
1996-03-16,2323
1996-03-17,2054
1996-03-18,2849
1996-03-19,2814
1996-03-20,2856
1996-03-21,2829
1996-03-22,2830
1996-03-23,2363
1996-03-24,2066
1996-03-25,2904
1996-03-26,2850
1996-03-27,2649
1996-03-28,2803
1996-03-29,2842
1996-03-30,2409
1996-03-31,1953
1996-04-01,2839
1996-04-02,2942
1996-04-03,2831
1996-04-04,2991
1996-04-05,2938
1996-04-06,2364
1996-04-07,2034
1996-04-08,2177
1996-04-09,2788
1996-04-10,2954
1996-04-11,2749
1996-04-12,2870
1996-04-13,2299
1996-04-14,2147
1996-04-15,2700
1996-04-16,2895
1996-04-17,2966
1996-04-18,2841
1996-04-19,2850
1996-04-20,2474
1996-04-21,2017
1996-04-22,2904
1996-04-23,2818
1996-04-24,2688
1996-04-25,2866
1996-04-26,2841
1996-04-27,2301
1996-04-28,2108
1996-04-29,2912
1996-04-30,3051
1996-05-01,2354
1996-05-02,3092
1996-05-03,3074
1996-05-04,2486
1996-05-05,2330
1996-05-06,3015
1996-05-07,3118
1996-05-08,2477
1996-05-09,3045
1996-05-10,2935
1996-05-11,2506
1996-05-12,2175
1996-05-13,3016
1996-05-14,3069
1996-05-15,3214
1996-05-16,2312
1996-05-17,2981
1996-05-18,2518
1996-05-19,2160
1996-05-20,3047
1996-05-21,3019
1996-05-22,2938
1996-05-23,2924
1996-05-24,3047
1996-05-25,2575
1996-05-26,2066
1996-05-27,2248
1996-05-28,2937
1996-05-29,2921
1996-05-30,2980
1996-05-31,2953
1996-06-01,2398
1996-06-02,2160
1996-06-03,2916
1996-06-04,3157
1996-06-05,3045
1996-06-06,3016
1996-06-07,3117
1996-06-08,2519
1996-06-09,2196
1996-06-10,3144
1996-06-11,3194
1996-06-12,3077
1996-06-13,2890
1996-06-14,2825
1996-06-15,2436
1996-06-16,2351
1996-06-17,2993
1996-06-18,3106
1996-06-19,3056
1996-06-20,3170
1996-06-21,3011
1996-06-22,2526
1996-06-23,2094
1996-06-24,3012
1996-06-25,3089
1996-06-26,3160
1996-06-27,3026
1996-06-28,3096
1996-06-29,2508
1996-06-30,2225
1996-07-01,2978
1996-07-02,3060
1996-07-03,3082
1996-07-04,3078
1996-07-05,3138
1996-07-06,2508
1996-07-07,2231
1996-07-08,2904
1996-07-09,3072
1996-07-10,3130
1996-07-11,3076
1996-07-12,3054
1996-07-13,2596
1996-07-14,2290
1996-07-15,3033
1996-07-16,3076
1996-07-17,2966
1996-07-18,3040
1996-07-19,2978
1996-07-20,2638
1996-07-21,2200
1996-07-22,3006
1996-07-23,3078
1996-07-24,2896
1996-07-25,2950
1996-07-26,2958
1996-07-27,2472
1996-07-28,2213
1996-07-29,2915
1996-07-30,2901
1996-07-31,2823
1996-08-01,2839
1996-08-02,2919
1996-08-03,2280
1996-08-04,2070
1996-08-05,2919
1996-08-06,2943
1996-08-07,2884
1996-08-08,2908
1996-08-09,2865
1996-08-10,2577
1996-08-11,2097
1996-08-12,2852
1996-08-13,3094
1996-08-14,2832
1996-08-15,2419
1996-08-16,2794
1996-08-17,2308
1996-08-18,2193
1996-08-19,2722
1996-08-20,3084
1996-08-21,2865
1996-08-22,2889
1996-08-23,2805
1996-08-24,2393
1996-08-25,2102
1996-08-26,2760
1996-08-27,2796
1996-08-28,2659
1996-08-29,2751
1996-08-30,2671
1996-08-31,2237
1996-09-01,2075
1996-09-02,2539
1996-09-03,2866
1996-09-04,2738
1996-09-05,3001
1996-09-06,2848
1996-09-07,2398
1996-09-08,2106
1996-09-09,2971
1996-09-10,3024
1996-09-11,2893
1996-09-12,3073
1996-09-13,3009
1996-09-14,2456
1996-09-15,2238
1996-09-16,2983
1996-09-17,3050
1996-09-18,2894
1996-09-19,2986
1996-09-20,3154
1996-09-21,2451
1996-09-22,2177
1996-09-23,2935
1996-09-24,3062
1996-09-25,2985
1996-09-26,3000
1996-09-27,2949
1996-09-28,2449
1996-09-29,2177
1996-09-30,3173
1996-10-01,3137
1996-10-02,2945
1996-10-03,2933
1996-10-04,2956
1996-10-05,2438
1996-10-06,2162
1996-10-07,2923
1996-10-08,3081
1996-10-09,2924
1996-10-10,3017
1996-10-11,2896
1996-10-12,2397
1996-10-13,2033
1996-10-14,2787
1996-10-15,3009
1996-10-16,2904
1996-10-17,2637
1996-10-18,3008
1996-10-19,2436
1996-10-20,2092
1996-10-21,2854
1996-10-22,2929
1996-10-23,2872
1996-10-24,2981
1996-10-25,3022
1996-10-26,2375
1996-10-27,2075
1996-10-28,2700
1996-10-29,2918
1996-10-30,2887
1996-10-31,2741
1996-11-01,2286
1996-11-02,2339
1996-11-03,2143
1996-11-04,2821
1996-11-05,3079
1996-11-06,2950
1996-11-07,2893
1996-11-08,3075
1996-11-09,2373
1996-11-10,2163
1996-11-11,2272
1996-11-12,3146
1996-11-13,2992
1996-11-14,3068
1996-11-15,2943
1996-11-16,2488
1996-11-17,2217
1996-11-18,2987
1996-11-19,3114
1996-11-20,3012
1996-11-21,2807
1996-11-22,2885
1996-11-23,2451
1996-11-24,2179
1996-11-25,2932
1996-11-26,2982
1996-11-27,2855
1996-11-28,2984
1996-11-29,2803
1996-11-30,2397
1996-12-01,2279
1996-12-02,3001
1996-12-03,2988
1996-12-04,2789
1996-12-05,2868
1996-12-06,2767
1996-12-07,2303
1996-12-08,2040
1996-12-09,2856
1996-12-10,3117
1996-12-11,2953
1996-12-12,3039
1996-12-13,2952
1996-12-14,2452
1996-12-15,2265
1996-12-16,3187
1996-12-17,3314
1996-12-18,2992
1996-12-19,3066
1996-12-20,3098
1996-12-21,2278
1996-12-22,2104
1996-12-23,2621
1996-12-24,2628
1996-12-25,1989
1996-12-26,2818
1996-12-27,2887
1996-12-28,2434
1996-12-29,2156
1996-12-30,2904
1996-12-31,2911
1997-01-01,2722
1997-01-02,2653
1997-01-03,2796
1997-01-04,2399
1997-01-05,2224
1997-01-06,2822
1997-01-07,3023
1997-01-08,2754
1997-01-09,2799
1997-01-10,2926
1997-01-11,2339
1997-01-12,1993
1997-01-13,2706
1997-01-14,2909
1997-01-15,2766
1997-01-16,2851
1997-01-17,2815
1997-01-18,2391
1997-01-19,2079
1997-01-20,2910
1997-01-21,2847
1997-01-22,2839
1997-01-23,2915
1997-01-24,2759
1997-01-25,2355
1997-01-26,2024
1997-01-27,2798
1997-01-28,2921
1997-01-29,2671
1997-01-30,2740
1997-01-31,2696
1997-02-01,2378
1997-02-02,2328
1997-02-03,2858
1997-02-04,2886
1997-02-05,2853
1997-02-06,2807
1997-02-07,2845
1997-02-08,2390
1997-02-09,2050
1997-02-10,3007
1997-02-11,2911
1997-02-12,2908
1997-02-13,2766
1997-02-14,2950
1997-02-15,2460
1997-02-16,2042
1997-02-17,2921
1997-02-18,2905
1997-02-19,2756
1997-02-20,2837
1997-02-21,2921
1997-02-22,2355
1997-02-23,2036
1997-02-24,2828
1997-02-25,2962
1997-02-26,2713
1997-02-27,2772
1997-02-28,2781
1997-03-01,2435
1997-03-02,2067
1997-03-03,2917
1997-03-04,2875
1997-03-05,2952
1997-03-06,2832
1997-03-07,2859
1997-03-08,2192
1997-03-09,1983
1997-03-10,2879
1997-03-11,2866
1997-03-12,2868
1997-03-13,2724
1997-03-14,2812
1997-03-15,2256
1997-03-16,1969
1997-03-17,2761
1997-03-18,2979
1997-03-19,2839
1997-03-20,2799
1997-03-21,2738
1997-03-22,2287
1997-03-23,2039
1997-03-24,2905
1997-03-25,3057
1997-03-26,2916
1997-03-27,2947
1997-03-28,2905
1997-03-29,2207
1997-03-30,1954
1997-03-31,2103
1997-04-01,3041
1997-04-02,3069
1997-04-03,3029
1997-04-04,3027
1997-04-05,2359
1997-04-06,2125
1997-04-07,2930
1997-04-08,2968
1997-04-09,2817
1997-04-10,3055
1997-04-11,3026
1997-04-12,2449
1997-04-13,2096
1997-04-14,2990
1997-04-15,2974
1997-04-16,2849
1997-04-17,2903
1997-04-18,2844
1997-04-19,2396
1997-04-20,2220
1997-04-21,2891
1997-04-22,3082
1997-04-23,2994
1997-04-24,3041
1997-04-25,2898
1997-04-26,2471
1997-04-27,2190
1997-04-28,3046
1997-04-29,2986
1997-04-30,3137
1997-05-01,2459
1997-05-02,3056
1997-05-03,2523
1997-05-04,2312
1997-05-05,3219
1997-05-06,3331
1997-05-07,3349
1997-05-08,2351
1997-05-09,2872
1997-05-10,2476
1997-05-11,2102
1997-05-12,2970
1997-05-13,3081
1997-05-14,3073
1997-05-15,3139
1997-05-16,3207
1997-05-17,2476
1997-05-18,2168
1997-05-19,2256
1997-05-20,2921
1997-05-21,3073
1997-05-22,3073
1997-05-23,2984
1997-05-24,2489
1997-05-25,2170
1997-05-26,2912
1997-05-27,3070
1997-05-28,2874
1997-05-29,2900
1997-05-30,2954
1997-05-31,2300
1997-06-01,2089
1997-06-02,2736
1997-06-03,2948
1997-06-04,2914
1997-06-05,3066
1997-06-06,3143
1997-06-07,2453
1997-06-08,2251
1997-06-09,2798
1997-06-10,3121
1997-06-11,3055
1997-06-12,3046
1997-06-13,2944
1997-06-14,2439
1997-06-15,2173
1997-06-16,3080
1997-06-17,3095
1997-06-18,2970
1997-06-19,2957
1997-06-20,2889
1997-06-21,2520
1997-06-22,2174
1997-06-23,3029
1997-06-24,3217
1997-06-25,3024
1997-06-26,3088
1997-06-27,3173
1997-06-28,2499
1997-06-29,2162
1997-06-30,2993
1997-07-01,3038
1997-07-02,3035
1997-07-03,3002
1997-07-04,3193
1997-07-05,2467
1997-07-06,2147
1997-07-07,3089
1997-07-08,3158
1997-07-09,3072
1997-07-10,3241
1997-07-11,3152
1997-07-12,2544
1997-07-13,2269
1997-07-14,2256
1997-07-15,3116
1997-07-16,3080
1997-07-17,3109
1997-07-18,3088
1997-07-19,2431
1997-07-20,2226
1997-07-21,2943
1997-07-22,3063
1997-07-23,2895
1997-07-24,3166
1997-07-25,3113
1997-07-26,2432
1997-07-27,2265
1997-07-28,2811
1997-07-29,3059
1997-07-30,2986
1997-07-31,3003
1997-08-01,2913
1997-08-02,2482
1997-08-03,2247
1997-08-04,2965
1997-08-05,3143
1997-08-06,3012
1997-08-07,3038
1997-08-08,3152
1997-08-09,2507
1997-08-10,2102
1997-08-11,2888
1997-08-12,3182
1997-08-13,2998
1997-08-14,2887
1997-08-15,2228
1997-08-16,2220
1997-08-17,2070
1997-08-18,2790
1997-08-19,2950
1997-08-20,2926
1997-08-21,2836
1997-08-22,2813
1997-08-23,2300
1997-08-24,2158
1997-08-25,2748
1997-08-26,2893
1997-08-27,2843
1997-08-28,2963
1997-08-29,2692
1997-08-30,2153
1997-08-31,1937
1997-09-01,2744
1997-09-02,2869
1997-09-03,2709
1997-09-04,2717
1997-09-05,2791
1997-09-06,2326
1997-09-07,2074
1997-09-08,2774
1997-09-09,2945
1997-09-10,3017
1997-09-11,2921
1997-09-12,2988
1997-09-13,2271
1997-09-14,1993
1997-09-15,2922
1997-09-16,2992
1997-09-17,2978
1997-09-18,3074
1997-09-19,2991
1997-09-20,2536
1997-09-21,2179
1997-09-22,2982
1997-09-23,2934
1997-09-24,2954
1997-09-25,2924
1997-09-26,3005
1997-09-27,2570
1997-09-28,2167
1997-09-29,3027
1997-09-30,3008
1997-10-01,2920
1997-10-02,3116
1997-10-03,3016
1997-10-04,2384
1997-10-05,2167
1997-10-06,2929
1997-10-07,3040
1997-10-08,2877
1997-10-09,2774
1997-10-10,3036
1997-10-11,2269
1997-10-12,2144
1997-10-13,2788
1997-10-14,2914
1997-10-15,2779
1997-10-16,2944
1997-10-17,2921
1997-10-18,2357
1997-10-19,2135
1997-10-20,2886
1997-10-21,3040
1997-10-22,2772
1997-10-23,2923
1997-10-24,2855
1997-10-25,2374
1997-10-26,2175
1997-10-27,2735
1997-10-28,2769
1997-10-29,2656
1997-10-30,2774
1997-10-31,2713
1997-11-01,2209
1997-11-02,2082
1997-11-03,2794
1997-11-04,3040
1997-11-05,3042
1997-11-06,2985
1997-11-07,3071
1997-11-08,2484
1997-11-09,2160
1997-11-10,2927
1997-11-11,2449
1997-11-12,2824
1997-11-13,2945
1997-11-14,2985
1997-11-15,2468
1997-11-16,2164
1997-11-17,2875
1997-11-18,2975
1997-11-19,2875
1997-11-20,3000
1997-11-21,2878
1997-11-22,2377
1997-11-23,2168
1997-11-24,2816
1997-11-25,2920
1997-11-26,2912
1997-11-27,2845
1997-11-28,2829
1997-11-29,2385
1997-11-30,2117
1997-12-01,2971
1997-12-02,2971
1997-12-03,2781
1997-12-04,2799
1997-12-05,2807
1997-12-06,2366
1997-12-07,2070
1997-12-08,2991
1997-12-09,2960
1997-12-10,3121
1997-12-11,2950
1997-12-12,2914
1997-12-13,2283
1997-12-14,2081
1997-12-15,3240
1997-12-16,3167
1997-12-17,3150
1997-12-18,3283
1997-12-19,3252
1997-12-20,2490
1997-12-21,2104
1997-12-22,2718
1997-12-23,2683
1997-12-24,2382
1997-12-25,2042
1997-12-26,2959
1997-12-27,2476
1997-12-28,2153
1997-12-29,3032
1997-12-30,3102
1997-12-31,2926
1998-01-01,2840
1998-01-02,2678
1998-01-03,2367
1998-01-04,2243
1998-01-05,3109
1998-01-06,3056
1998-01-07,2908
1998-01-08,2942
1998-01-09,2953
1998-01-10,2445
1998-01-11,2128
1998-01-12,3052
1998-01-13,2991
1998-01-14,2851
1998-01-15,2887
1998-01-16,2983
1998-01-17,2430
1998-01-18,2188
1998-01-19,3023
1998-01-20,3020
1998-01-21,3018
1998-01-22,2850
1998-01-23,3021
1998-01-24,2583
1998-01-25,2310
1998-01-26,2943
1998-01-27,2991
1998-01-28,2916
1998-01-29,2933
1998-01-30,2930
1998-01-31,2368
1998-02-01,2189
1998-02-02,3059
1998-02-03,2884
1998-02-04,3026
1998-02-05,3193
1998-02-06,2883
1998-02-07,2418
1998-02-08,2100
1998-02-09,2851
1998-02-10,2989
1998-02-11,2844
1998-02-12,3075
1998-02-13,2836
1998-02-14,2422
1998-02-15,2192
1998-02-16,2891
1998-02-17,2896
1998-02-18,2978
1998-02-19,2824
1998-02-20,2910
1998-02-21,2377
1998-02-22,2075
1998-02-23,2722
1998-02-24,2780
1998-02-25,2781
1998-02-26,2913
1998-02-27,2976
1998-02-28,2386
1998-03-01,2124
1998-03-02,3017
1998-03-03,3074
1998-03-04,2912
1998-03-05,2949
1998-03-06,2909
1998-03-07,2350
1998-03-08,2103
1998-03-09,2873
1998-03-10,3232
1998-03-11,2826
1998-03-12,2898
1998-03-13,3019
1998-03-14,2487
1998-03-15,2129
1998-03-16,3010
1998-03-17,3016
1998-03-18,2979
1998-03-19,2928
1998-03-20,2957
1998-03-21,2300
1998-03-22,2109
1998-03-23,2849
1998-03-24,3023
1998-03-25,2985
1998-03-26,2897
1998-03-27,3014
1998-03-28,2359
1998-03-29,2093
1998-03-30,2942
1998-03-31,2912
1998-04-01,2924
1998-04-02,2958
1998-04-03,3018
1998-04-04,2513
1998-04-05,2156
1998-04-06,2960
1998-04-07,3225
1998-04-08,3145
1998-04-09,3087
1998-04-10,3125
1998-04-11,2444
1998-04-12,2246
1998-04-13,2276
1998-04-14,2920
1998-04-15,3146
1998-04-16,3277
1998-04-17,3160
1998-04-18,2556
1998-04-19,2254
1998-04-20,3004
1998-04-21,3189
1998-04-22,3013
1998-04-23,3049
1998-04-24,3173
1998-04-25,2547
1998-04-26,2162
1998-04-27,3134
1998-04-28,3228
1998-04-29,3205
1998-04-30,3253
1998-05-01,2395
1998-05-02,2513
1998-05-03,2213
1998-05-04,3117
1998-05-05,3374
1998-05-06,3128
1998-05-07,3203
1998-05-08,2408
1998-05-09,2384
1998-05-10,2390
1998-05-11,3203
1998-05-12,3328
1998-05-13,3154
1998-05-14,3119
1998-05-15,3202
1998-05-16,2463
1998-05-17,2173
1998-05-18,3025
1998-05-19,3191
1998-05-20,3173
1998-05-21,2369
1998-05-22,2824
1998-05-23,2439
1998-05-24,2134
1998-05-25,3050
1998-05-26,3179
1998-05-27,2899
1998-05-28,3039
1998-05-29,2868
1998-05-30,2400
1998-05-31,2112
1998-06-01,2211
1998-06-02,2943
1998-06-03,3091
1998-06-04,3008
1998-06-05,3017
1998-06-06,2531
1998-06-07,2044
1998-06-08,2908
1998-06-09,3009
1998-06-10,3166
1998-06-11,2933
1998-06-12,3079
1998-06-13,2274
1998-06-14,2101
1998-06-15,3093
1998-06-16,3060
1998-06-17,2982
1998-06-18,3037
1998-06-19,2990
1998-06-20,2554
1998-06-21,2233
1998-06-22,3121
1998-06-23,3070
1998-06-24,3028
1998-06-25,3188
1998-06-26,3086
1998-06-27,2405
1998-06-28,2253
1998-06-29,2895
1998-06-30,3207
1998-07-01,3169
1998-07-02,3070
1998-07-03,3069
1998-07-04,2560
1998-07-05,2261
1998-07-06,2971
1998-07-07,3259
1998-07-08,2976
1998-07-09,3302
1998-07-10,3182
1998-07-11,2623
1998-07-12,2306
1998-07-13,2921
1998-07-14,2430
1998-07-15,3074
1998-07-16,3158
1998-07-17,3238
1998-07-18,2586
1998-07-19,2236
1998-07-20,3129
1998-07-21,3243
1998-07-22,3088
1998-07-23,3198
1998-07-24,3046
1998-07-25,2577
1998-07-26,2334
1998-07-27,3127
1998-07-28,3121
1998-07-29,3000
1998-07-30,3096
1998-07-31,3066
1998-08-01,2556
1998-08-02,2329
1998-08-03,2992
1998-08-04,3182
1998-08-05,3368
1998-08-06,3191
1998-08-07,3187
1998-08-08,2733
1998-08-09,2335
1998-08-10,3226
1998-08-11,3273
1998-08-12,3133
1998-08-13,3052
1998-08-14,3027
1998-08-15,2435
1998-08-16,2258
1998-08-17,2931
1998-08-18,3070
1998-08-19,2930
1998-08-20,2975
1998-08-21,2919
1998-08-22,2463
1998-08-23,2134
1998-08-24,2859
1998-08-25,3191
1998-08-26,2851
1998-08-27,2977
1998-08-28,3112
1998-08-29,2352
1998-08-30,2214
1998-08-31,2821
1998-09-01,3051
1998-09-02,2957
1998-09-03,3046
1998-09-04,3033
1998-09-05,2384
1998-09-06,2193
1998-09-07,3021
1998-09-08,3197
1998-09-09,3134
1998-09-10,3194
1998-09-11,3094
1998-09-12,2506
1998-09-13,2297
1998-09-14,3074
1998-09-15,3298
1998-09-16,3207
1998-09-17,3110
1998-09-18,3184
1998-09-19,2504
1998-09-20,2462
1998-09-21,3264
1998-09-22,3379
1998-09-23,3270
1998-09-24,3129
1998-09-25,3017
1998-09-26,2686
1998-09-27,2321
1998-09-28,3316
1998-09-29,3281
1998-09-30,3074
1998-10-01,3112
1998-10-02,3170
1998-10-03,2412
1998-10-04,2221
1998-10-05,3066
1998-10-06,3092
1998-10-07,2937
1998-10-08,3042
1998-10-09,2995
1998-10-10,2548
1998-10-11,2229
1998-10-12,3025
1998-10-13,2932
1998-10-14,2968
1998-10-15,3086
1998-10-16,2942
1998-10-17,2516
1998-10-18,2148
1998-10-19,2970
1998-10-20,3151
1998-10-21,2973
1998-10-22,2970
1998-10-23,3034
1998-10-24,2450
1998-10-25,2213
1998-10-26,2727
1998-10-27,2929
1998-10-28,2882
1998-10-29,2845
1998-10-30,2980
1998-10-31,2265
1998-11-01,2217
1998-11-02,2826
1998-11-03,3131
1998-11-04,3165
1998-11-05,3074
1998-11-06,3057
1998-11-07,2413
1998-11-08,2184
1998-11-09,2989
1998-11-10,3187
1998-11-11,2453
1998-11-12,3120
1998-11-13,2906
1998-11-14,2455
1998-11-15,2206
1998-11-16,2968
1998-11-17,3025
1998-11-18,2951
1998-11-19,2907
1998-11-20,3092
1998-11-21,2459
1998-11-22,2105
1998-11-23,2937
1998-11-24,3118
1998-11-25,3070
1998-11-26,2940
1998-11-27,2956
1998-11-28,2438
1998-11-29,2077
1998-11-30,2853
1998-12-01,2929
1998-12-02,2870
1998-12-03,2917
1998-12-04,2945
1998-12-05,2452
1998-12-06,2200
1998-12-07,2968
1998-12-08,3030
1998-12-09,2870
1998-12-10,3088
1998-12-11,3005
1998-12-12,2462
1998-12-13,2179
1998-12-14,3104
1998-12-15,3233
1998-12-16,3095
1998-12-17,3095
1998-12-18,3193
1998-12-19,2504
1998-12-20,2360
1998-12-21,2911
1998-12-22,2994
1998-12-23,2644
1998-12-24,2613
1998-12-25,2093
1998-12-26,2531
1998-12-27,2394
1998-12-28,3115
1998-12-29,3099
1998-12-30,2992
1998-12-31,2774
1999-01-01,2847
1999-01-02,2299
1999-01-03,2191
1999-01-04,2920
1999-01-05,3116
1999-01-06,2762
1999-01-07,2915
1999-01-08,2788
1999-01-09,2316
1999-01-10,2098
1999-01-11,2740
1999-01-12,2834
1999-01-13,2769
1999-01-14,2783
1999-01-15,2884
1999-01-16,2267
1999-01-17,2112
1999-01-18,2780
1999-01-19,2948
1999-01-20,2821
1999-01-21,2824
1999-01-22,2792
1999-01-23,2194
1999-01-24,2078
1999-01-25,2820
1999-01-26,2926
1999-01-27,2836
1999-01-28,2806
1999-01-29,2823
1999-01-30,2334
1999-01-31,2095
1999-02-01,2791
1999-02-02,2980
1999-02-03,2797
1999-02-04,2807
1999-02-05,2937
1999-02-06,2310
1999-02-07,2127
1999-02-08,2712
1999-02-09,2900
1999-02-10,2911
1999-02-11,2917
1999-02-12,2953
1999-02-13,2418
1999-02-14,2143
1999-02-15,2880
1999-02-16,2861
1999-02-17,2782
1999-02-18,2798
1999-02-19,2771
1999-02-20,2422
1999-02-21,2045
1999-02-22,2704
1999-02-23,2874
1999-02-24,2731
1999-02-25,2788
1999-02-26,2853
1999-02-27,2303
1999-02-28,2118
1999-03-01,2884
1999-03-02,2926
1999-03-03,2892
1999-03-04,2925
1999-03-05,2921
1999-03-06,2310
1999-03-07,2028
1999-03-08,2885
1999-03-09,2867
1999-03-10,2758
1999-03-11,2878
1999-03-12,2878
1999-03-13,2255
1999-03-14,2064
1999-03-15,2819
1999-03-16,2981
1999-03-17,2698
1999-03-18,2828
1999-03-19,2794
1999-03-20,2309
1999-03-21,2050
1999-03-22,2808
1999-03-23,2903
1999-03-24,2791
1999-03-25,2888
1999-03-26,2836
1999-03-27,2343
1999-03-28,1976
1999-03-29,2858
1999-03-30,2964
1999-03-31,2827
1999-04-01,2946
1999-04-02,2923
1999-04-03,2348
1999-04-04,2162
1999-04-05,2229
1999-04-06,3019
1999-04-07,2949
1999-04-08,2941
1999-04-09,2952
1999-04-10,2388
1999-04-11,2053
1999-04-12,2837
1999-04-13,2990
1999-04-14,2919
1999-04-15,3008
1999-04-16,2991
1999-04-17,2405
1999-04-18,2222
1999-04-19,2708
1999-04-20,2944
1999-04-21,2999
1999-04-22,3018
1999-04-23,2969
1999-04-24,2382
1999-04-25,2136
1999-04-26,2965
1999-04-27,2960
1999-04-28,2954
1999-04-29,2958
1999-04-30,2977
1999-05-01,2309
1999-05-02,2283
1999-05-03,2965
1999-05-04,3182
1999-05-05,3089
1999-05-06,3103
1999-05-07,3100
1999-05-08,2324
1999-05-09,2207
1999-05-10,3164
1999-05-11,3169
1999-05-12,3126
1999-05-13,2439
1999-05-14,2868
1999-05-15,2556
1999-05-16,2236
1999-05-17,3116
1999-05-18,3210
1999-05-19,3004
1999-05-20,3032
1999-05-21,3101
1999-05-22,2436
1999-05-23,2121
1999-05-24,2195
1999-05-25,2853
1999-05-26,2983
1999-05-27,3137
1999-05-28,3084
1999-05-29,2443
1999-05-30,2215
1999-05-31,2811
1999-06-01,3026
1999-06-02,2919
1999-06-03,2862
1999-06-04,2827
1999-06-05,2349
1999-06-06,2212
1999-06-07,2852
1999-06-08,2972
1999-06-09,2876
1999-06-10,2886
1999-06-11,2881
1999-06-12,2370
1999-06-13,2192
1999-06-14,2947
1999-06-15,3169
1999-06-16,3172
1999-06-17,2997
1999-06-18,2993
1999-06-19,2298
1999-06-20,2249
1999-06-21,2936
1999-06-22,2985
1999-06-23,2943
1999-06-24,3077
1999-06-25,3232
1999-06-26,2531
1999-06-27,2267
1999-06-28,2958
1999-06-29,3068
1999-06-30,3107
1999-07-01,3047
1999-07-02,3101
1999-07-03,2678
1999-07-04,2280
1999-07-05,3060
1999-07-06,3114
1999-07-07,3099
1999-07-08,3070
1999-07-09,3184
1999-07-10,2577
1999-07-11,2304
1999-07-12,3317
1999-07-13,3279
1999-07-14,2463
1999-07-15,3190
1999-07-16,3147
1999-07-17,2646
1999-07-18,2288
1999-07-19,3084
1999-07-20,3180
1999-07-21,3068
1999-07-22,2943
1999-07-23,3067
1999-07-24,2343
1999-07-25,2300
1999-07-26,3049
1999-07-27,3228
1999-07-28,3086
1999-07-29,3043
1999-07-30,3040
1999-07-31,2554
1999-08-01,2302
1999-08-02,3050
1999-08-03,2894
1999-08-04,2987
1999-08-05,2988
1999-08-06,2997
1999-08-07,2581
1999-08-08,2357
1999-08-09,2698
1999-08-10,3066
1999-08-11,2724
1999-08-12,2984
1999-08-13,2806
1999-08-14,2509
1999-08-15,2250
1999-08-16,2842
1999-08-17,3003
1999-08-18,2985
1999-08-19,2882
1999-08-20,3196
1999-08-21,2454
1999-08-22,2182
1999-08-23,2794
1999-08-24,2967
1999-08-25,3051
1999-08-26,3076
1999-08-27,2999
1999-08-28,2442
1999-08-29,2213
1999-08-30,2826
1999-08-31,2902
1999-09-01,2922
1999-09-02,3043
1999-09-03,3011
1999-09-04,2445
1999-09-05,2266
1999-09-06,2846
1999-09-07,3020
1999-09-08,3031
1999-09-09,3245
1999-09-10,3065
1999-09-11,2481
1999-09-12,2287
1999-09-13,2945
1999-09-14,3166
1999-09-15,3159
1999-09-16,3047
1999-09-17,3136
1999-09-18,2499
1999-09-19,2342
1999-09-20,3186
1999-09-21,3192
1999-09-22,3049
1999-09-23,3048
1999-09-24,3074
1999-09-25,2603
1999-09-26,2238
1999-09-27,3020
1999-09-28,3209
1999-09-29,3025
1999-09-30,3147
1999-10-01,3078
1999-10-02,2443
1999-10-03,2182
1999-10-04,2882
1999-10-05,3036
1999-10-06,2882
1999-10-07,2910
1999-10-08,2893
1999-10-09,2432
1999-10-10,2299
1999-10-11,2938
1999-10-12,2918
1999-10-13,2784
1999-10-14,2885
1999-10-15,3147
1999-10-16,2352
1999-10-17,2013
1999-10-18,2809
1999-10-19,2989
1999-10-20,2995
1999-10-21,2915
1999-10-22,2985
1999-10-23,2357
1999-10-24,2158
1999-10-25,2993
1999-10-26,2998
1999-10-27,2929
1999-10-28,3115
1999-10-29,3112
1999-10-30,2418
1999-10-31,2186
1999-11-01,2215
1999-11-02,2723
1999-11-03,2813
1999-11-04,2898
1999-11-05,2956
1999-11-06,2459
1999-11-07,2217
1999-11-08,2872
1999-11-09,3035
1999-11-10,2977
1999-11-11,2447
1999-11-12,2827
1999-11-13,2362
1999-11-14,2234
1999-11-15,2880
1999-11-16,2989
1999-11-17,2911
1999-11-18,2870
1999-11-19,2819
1999-11-20,2447
1999-11-21,2127
1999-11-22,2892
1999-11-23,3026
1999-11-24,2926
1999-11-25,2922
1999-11-26,2800
1999-11-27,2419
1999-11-28,2036
1999-11-29,2828
1999-11-30,2828
1999-12-01,2903
1999-12-02,2850
1999-12-03,2961
1999-12-04,2444
1999-12-05,2259
1999-12-06,2807
1999-12-07,2872
1999-12-08,2920
1999-12-09,2966
1999-12-10,3210
1999-12-11,2494
1999-12-12,2340
1999-12-13,3024
1999-12-14,3136
1999-12-15,3147
1999-12-16,3307
1999-12-17,3212
1999-12-18,2489
1999-12-19,2282
1999-12-20,3148
1999-12-21,2946
1999-12-22,2892
1999-12-23,2809
1999-12-24,2497
1999-12-25,2259
1999-12-26,2389
1999-12-27,3099
1999-12-28,3143
1999-12-29,2919
1999-12-30,2829
1999-12-31,2645